chromosome,start,end,sequence,direction
NC_045512.2,1,25,ATTAAAGGTTTATACCTTCCCAGG,F
NC_045512.2,32,56,CCAACCAACTTTCGATCTCTTGTA,F
NC_045512.2,1896,1920,TACGATCAATTTTCTCCCGCACTC,F
NC_045512.2,1926,1950,CTGCTCAAAATTCTGTGCGTGTTT,F
NC_045512.2,2052,2076,CACCTGTAATGTAGGCCATTACAA,R
NC_045512.2,2082,2106,TTAGCCACTGCGAAGTCAACTGAA,R
NC_045512.2,3896,3920,GTTAAGCCATTTATAACTGAAAGT,F
NC_045512.2,3918,3941,GTAAACCTTCAGTTGAACAGAGA,F
NC_045512.2,4052,4076,AAGAGTGGCAGAATCTGGATGAAG,R
NC_045512.2,4082,4106,CTTTAAGAAAGTGATGTCAATGTC,R
NC_045512.2,5896,5920,AAAACCAGTTACTTATAAATTGGA,F
NC_045512.2,5926,5950,TGTTTGTACAGAAATTGACCCTAA,F
NC_045512.2,6056,6079,GCAAATTTGATATTATCACATAC,R
NC_045512.2,6082,6106,TAACCAGTTAACTGGTTTAAATCA,R
NC_045512.2,7896,7920,ATGGTAAATCAAAATGTGAAGAAT,F
NC_045512.2,7926,7950,CAAAATCAGCGTCTGTTTACTACA,F
NC_045512.2,8052,8076,CGTTAAAAGTTGATGAAAACGTAT,R
NC_045512.2,8082,8106,CAACTAGTGTTTTGAGTTTTTCCA,R
NC_045512.2,9896,9920,TATAATAAGTACAAGTATTTTAGT,F
NC_045512.2,9926,9950,ATGGATACAACTAGCTACAGAGAA,F
NC_045512.2,10052,10076,TGCCATTTTTCTAAAACCACTCTG,R
NC_045512.2,10082,10106,CATACAACCCTCAACTTTACCAGA,R
NC_045512.2,11896,11920,ACAACTCAGAGTAGAATCATCATC,F
NC_045512.2,11926,11950,GTGGGCTCAATGTGTCCAGTTACA,F
NC_045512.2,12052,12076,TTGTCCAGCATTTCTTCACAAAGC,R
NC_045512.2,12082,12106,TCTGAGGCTATAGCTTGTAAGGTT,R
NC_045512.2,13896,13920,TGATGATGATTATTTCAATAAAAA,F
NC_045512.2,13926,13950,GTATGATTTTGTAGAAAACCCAGA,F
NC_045512.2,14052,14076,AGATCTTGATTATCTAATGTCAGT,R
NC_045512.2,14082,14106,AAATCACCGAAATCATACCAGTTA,R
NC_045512.2,15896,15920,TAGTTAAACAGGGTGATGATTATG,F
NC_045512.2,15926,15950,TTCCTTACCCAGATCCATCAAGAA,F
NC_045512.2,16052,16076,CAGCATACTCCTGATTAGGATGTT,R
NC_045512.2,16082,16106,TTATGTATTGTAAGTACAAATGAA,R
NC_045512.2,17896,17920,CACTCTTGTAATGTAAACAGATTT,F
NC_045512.2,17926,17950,GCTATTACCAGAGCAAAAGTAGGC,F
NC_045512.2,18052,18076,ACTACAATCTTTAAAGAGTCCTGT,R
NC_045512.2,18082,18106,CTGTGTAGGATGTAACCCAGTGAT,R
NC_045512.2,19896,19920,TCCAGCACATATATCTACTATTGG,F
NC_045512.2,19926,19950,TTCTATGACTGACATAGCCAAGAA,F
NC_045512.2,20052,20076,TGTAAACCTTTAACACTACCTTCT,R
NC_045512.2,20082,20106,AGACTAGCTTGTTTGGGACCTACA,R
NC_045512.2,21896,21920,TCGAAGACCCAGTCCCTACTTATT,F
NC_045512.2,21926,21950,AACGCTACTAATGTTGTTATTAAA,F
NC_045512.2,22052,22076,GACATATTCAAAAGTGCAATTATT,R
NC_045512.2,22082,22106,TCCTTCAAGGTCCATAAGAAAAGG,R
NC_045512.2,23896,23920,CCAAGAAGTTTTTGCACAAGTCAA,F
NC_045512.2,23926,23950,TTACAAAACACCACCAATTAAAGA,F
NC_045512.2,24052,24076,CCATATTGTTTGATGAAGCCAGCA,R
NC_045512.2,24082,24106,TCTCTAGCAGCAATATCACCAAGG,R
NC_045512.2,25896,25920,CATTACTTCAGGTGATGGCACAAC,F
NC_045512.2,25926,25950,TATTTCTGAACATGACTACCAGAT,F
NC_045512.2,26052,26076,ACATGTTCAACACCAGTGTCTGTA,R
NC_045512.2,26082,26106,TCAACAATTTTATTGTAGATGAAG,R
NC_045512.2,27896,27920,GAAATTTCTTGTTTTCTTAGGAAT,F
NC_045512.2,27926,27950,AACTGTAGCTGCATTTCACCAAGA,F
NC_045512.2,28052,28076,CACAATTCAATTAAAGGTGCTGAT,R
NC_045512.2,28082,28106,ATGGGTGATTTAGAACCAGCCTCA,R
NC_045512.2,29787,29811,CACATTAGGGCTCTTCCATATAGG,R
NC_045512.2,29817,29841,ATGGGGATAGCACTACTAAAATTA,R
