Name,Sequence
1st_P_F1,ACCTTCCCAGGTAACAAACCAACC
1st_P_R1,CTAGATTGTTAGTAGCCAAATCAGATGT
1st_P_F2,CGCACTCTTGAAACTGCTCAA
1st_P_R2,TAATAGATGGTAGAATGTAAAAGGCAC
1st_P_F3,TATAACCACTTACCCGGGTCAGG
1st_P_R3,TCTTCGCAGGCAAGATTATCCAT
1st_P_F4,GTATACGTTGTCTTTGGAGCACA
1st_P_R4,CAGACAATGACATGAAATCTTTAACGTTC
1st_P_F5,TTGGTGCTTGTATTGACTGTAGTGC
1st_P_R5,AGACACAGTCATAATCTATGTTAAAACCAAC
1st_P_F6,ATTCAACCAGGACAGACTTTTTCAG
1st_P_R6,TGCATCATTATCCAACTTTCTAAGCATAG
1st_P_F7,AGTCTTTGAATGTGGCTAAATCTGAATT
1st_P_R7,ACAATTTGGGTGGTATGTCTGATCC
1st_P_F8,GGGATTTGTTAAAATATGACTTCACGGA
1st_P_R8,AGCATTGCAAACATACGGATTAACA
1st_P_F9,GGGGCTTGTGTTCTTTGCAATTCA
1st_P_R9,AGCATGACACCCCTCGACATC
1st_P_F10,CCTAAGGACATGACCTATAGAAGACTCAT
1st_P_R10,TGACTCCTGGGTTTAAATTCTTGTAAATT
1st_P_F11,CATCTGTAGGTCCCAAACAAGCT
1st_P_R11,CACCAGGAGTCAAATAACTTCTATGTAA
1st_P_F12,TTCTAAGCACACGCCTATTAATTTAGTG
1st_P_R12,TCCAATACCATTAAACCTATAAGCCATT
1st_P_F13,TGCTCACAGATGAAATGATTGCTC
1st_P_R13,TACGCTATTAACTATTAACGTACCTGTC
1st_P_F14,CTACTAGCGTGCCTTTGTAAGC
1st_P_R14,GGTAAACCTTGGGGCCGAC
1st_P_F15,GCATTACGTTTGGTGGACCC
1st_P_R15,ATTAGGGCTCTTCCATATAGGCAG
2nd_P_F1,CCAACCAACTTTCGATCTCTTGTAG
2nd_P_R1,TGTGAACATCATAGCATCAATGAGTCT
2nd_P_F2,TGTGCGTGTTTTACAGAAGGC
2nd_P_R2,CTGTCTTTGCCTCCTCTACAGT
2nd_P_F3,CCGGGTCAGGGTTTAAATGGTTA
2nd_P_R3,ATCCATTCCCTGCGCGTCCTCTG
2nd_P_F4,TCAAATTCGTTTGATGTACTGAAGTCA
2nd_P_R4,TTCCATATCAAAGCAATGTTGTGACTT
2nd_P_F5,GACTGTAGTGCGCGTCATATTAAT
2nd_P_R5,ACCAACACTACCACATGAACCATTA
2nd_P_F6,TGTTTACCAATGTGCTATGAGGCC
2nd_P_R6,GCACTAGTAACTTTTGCCCTCTTG
2nd_P_F7,CGTAAGTTGGAAAAGATGGCTGATC
2nd_P_R7,TCTGATCCCAATATTTAAAATAACGGTCAA
2nd_P_F8,GACCGTTATTTTAAATATTGGGATCAGACA
2nd_P_R8,CGGATTAACAGACAAGACTAATTTATGTGAT
2nd_P_F9,AGACCATTCTTATGTTGTAAATGCTGTT
2nd_P_R9,TGCACGTACATGTCTTATAGCTTCT
2nd_P_F10,TTACCCTAACATGTTTATCACCCGC
2nd_P_R10,CTCTGAGTAAAGTAAGTTTCAGGTAATTGTT
2nd_P_F11,GAGAAGCCGTAAAAACACAGTTCA
2nd_P_R11,TTTGAAACCTAGTGATGTTAATACCTATTGG
2nd_P_F12,TAGATTTGCCAATAGGTATTAACATCACTA
2nd_P_R12,TAGCAAATGGTATTTGTAATGCAGCA
2nd_P_F13,AGCGGGTACAATCACTTCTGGTT
2nd_P_R13,TCTCTTCCGAAACGAATGAGTACA
2nd_P_F14,CACAAGCTGATGAGTACGAACTT
2nd_P_R14,GTTTTGATCGCGCCCCACTG
2nd_P_F15,CTCAGATTCAACTGGCAGTAACC
2nd_P_R15,CTCTCCCTAGCATTGTTCACTGTAC
2nd_P2_R14,GGCCGACGTTGTTTTGATCG
2nd_P2_F6,GTTAGCTTGTTACAATGGTTCACC
