1st_P_F1	1st_P_R1
1st_P_F2	1st_P_R2
1st_P_F3	1st_P_R3
1st_P_F4	1st_P_R4
1st_P_F5	1st_P_R5
1st_P_F6	1st_P_R6
1st_P_F7	1st_P_R7
1st_P_F8	1st_P_R8
1st_P_F9	1st_P_R9
1st_P_F10	1st_P_R10
1st_P_F11	1st_P_R11
1st_P_F12	1st_P_R12
1st_P_F13	1st_P_R13
1st_P_F14	1st_P_R14
1st_P_F15	1st_P_R15
2nd_P_F1	2nd_P_R1
2nd_P_F2	2nd_P_R2
2nd_P_F3	2nd_P_R3
2nd_P_F4	2nd_P_R4
2nd_P_F5	2nd_P_R5
2nd_P_F6	2nd_P_R6
2nd_P_F7	2nd_P_R7
2nd_P_F8	2nd_P_R8
2nd_P_F9	2nd_P_R9
2nd_P_F10	2nd_P_R10
2nd_P_F11	2nd_P_R11
2nd_P_F12	2nd_P_R12
2nd_P_F13	2nd_P_R13
2nd_P_F14	2nd_P_R14
2nd_P_F15	2nd_P_R15
2nd_P_F14	2nd_P2_R14
2nd_P2_F6	2nd_P_R6